{"cameraMode":{"drawMode":0,"name":"Shaded","section":"Shading Mode"},"sceneLighting":false,"audioPlay":false,"sceneViewState":{"showFog":true,"showMaterialUpdate":false,"showSkybox":true,"showFlares":true,"showImageEffects":true,"showParticleSystems":true},"in2DMode":false,"pivot":{"x":-2.911574125289917,"y":1.1640452146530152,"z":0.03026781976222992},"rotation":{"x":0.38647428154945376,"y":-0.019366266205906869,"z":0.008117123506963253,"w":0.9220611453056336},"size":1.0033531188964844,"orthographic":true}